{
  "weights": [
    18.701953874907694,
    55.289945183344706,
    144.27151269435123,
    334.79865035374894,
    698.0361517944389,
    1324.0994171605194,
    2316.8337992881393,
    3788.1119507787366,
    5847.004701132961,
    8580.014564615121,
    12033.703651447146,
    16220.675802536205,
    21150.695470284925,
    26858.054395467592,
    33395.20079460123,
    40796.566711888896,
    49051.2724468476,
    58125.330934715,
    68027.0767270911,
    78843.41706174855,
    90682.63821541784,
    103577.94877471325,
    117485.63022722054,
    132399.19692829825,
    148429.4470343549,
    165738.21190410358,
    184424.1713575726,
    204523.7269470642,
    226112.71552438822,
    249356.5648327444,
    274460.99895784905,
    301635.65341557,
    331144.0445360252,
    363366.44462122757,
    398810.04354277084,
    438134.6645468159,
    482255.73329289973,
    532413.1369647805,
    590003.4308232943,
    656058.7441024062,
    730426.2955137616,
    810966.533168471,
    893365.9588763608,
    972034.2875838694,
    1041841.7158652245,
    1099756.8914144451,
    1145500.3207640657,
    1181037.0316684695,
    1209398.9451932323,
    1233515.0642226469,
    1255512.6508867312,
    1276593.4267602898,
    1297287.627268826,
    1317775.0145313079,
    1338053.3657175163,
    1357883.8598658633,
    1376496.8112885512,
    1392074.0210605126,
    1401211.6104959438,
    1398856.3991858189,
    1379301.3459587418,
    1338425.9309296627,
    1276432.5003587904,
    1199393.5093007607,
    1118051.4484599454,
    1043985.3699947181,
    985281.005214127,
    944266.0760627482,
    918238.0364123773,
    902019.8433514741,
    890437.6298565769,
    879642.9921894156,
    867458.3532681331,
    853527.3160330137,
    839826.3126070389,
    831452.0948502196,
    836937.7808769346,
    867012.4894611075,
    931176.7188313981,
    1032840.8281514514,
    1165184.7336655734,
    1310037.57322786,
    1440740.0282358115,
    1528276.0030961572,
    1548887.5966817818,
    1490811.1346310773,
    1357637.919198521,
    1166828.1442356892,
    944186.3354555278,
    717021.2736828718,
    508597.57258923457,
    334851.38129638095,
    203128.0786477581,
    112666.75710336515,
    56722.86291191941,
    25753.389050862592,
    10486.334887614801,
    3811.874026394388,
    1232.4058224740666,
    353.2993244822338
  ],
  "energies": [
    -0.0018819506181467778,
    -0.0015070165491551783,
    -0.0011320824801635786,
    -0.0007571484111719791,
    -0.0003822143421803796,
    -7.280273188780108e-06,
    0.0003676537958028196,
    0.0007425878647944189,
    0.0011175219337860186,
    0.0014924560027776183,
    0.0018673900717692175,
    0.0022423241407608166,
    0.0026172582097524167,
    0.002992192278744016,
    0.0033671263477356153,
    0.0037420604167272154,
    0.004116994485718815,
    0.004491928554710414,
    0.004866862623702014,
    0.005241796692693613,
    0.005616730761685213,
    0.005991664830676812,
    0.006366598899668411,
    0.006741532968660012,
    0.0071164670376516114,
    0.007491401106643211,
    0.00786633517563481,
    0.00824126924462641,
    0.00861620331361801,
    0.00899113738260961,
    0.00936607145160121,
    0.009741005520592809,
    0.010115939589584408,
    0.010490873658576007,
    0.010865807727567607,
    0.011240741796559206,
    0.011615675865550807,
    0.011990609934542406,
    0.012365544003534006,
    0.012740478072525605,
    0.013115412141517204,
    0.013490346210508803,
    0.013865280279500403,
    0.014240214348492004,
    0.014615148417483601,
    0.014990082486475202,
    0.015365016555466803,
    0.0157399506244584,
    0.016114884693450002,
    0.0164898187624416,
    0.0168647528314332,
    0.017239686900424798,
    0.0176146209694164,
    0.017989555038408,
    0.018364489107399597,
    0.0187394231763912,
    0.019114357245382796,
    0.019489291314374397,
    0.019864225383365998,
    0.020239159452357595,
    0.020614093521349196,
    0.020989027590340794,
    0.021363961659332395,
    0.021738895728323993,
    0.022113829797315594,
    0.022488763866307195,
    0.022863697935298792,
    0.023238632004290393,
    0.02361356607328199,
    0.02398850014227359,
    0.02436343421126519,
    0.02473836828025679,
    0.02511330234924839,
    0.02548823641823999,
    0.02586317048723159,
    0.026238104556223187,
    0.026613038625214788,
    0.02698797269420639,
    0.027362906763197987,
    0.027737840832189588,
    0.028112774901181185,
    0.028487708970172786,
    0.028862643039164384,
    0.029237577108155985,
    0.029612511177147582,
    0.029987445246139187,
    0.030362379315130784,
    0.030737313384122382,
    0.03111224745311398,
    0.031487181522105584,
    0.03186211559109718,
    0.03223704966008878,
    0.032611983729080384,
    0.03298691779807198,
    0.03336185186706358,
    0.033736785936055176,
    0.03411172000504678,
    0.03448665407403838,
    0.034861588143029976,
    0.03523652221202158
  ]
}